Human.rsID	Human.chrom	Human.pos	Human.snpName	Human.RefAllele	Human.AltAllele	Human.AltAlleleFrq	Chimp.chrom	Chimp.pos	Chimp.snpName	Chimp.RefAllele	Chimp.AltAllele	Chimp.AltAlleleFrq
rs6677026	chr1	33974811	chr1_33974811_G_A_b38	G	A	0.0310881	NA	NA	NA	NA	NA	NA
rs11209813	chr1	71660702	chr1_71660702_C_A_b38	C	A	0.011658	NA	NA	NA	NA	NA	NA
rs2422014	chr1	71660705	chr1_71660705_A_C_b38	A	C	0.515544	1	71701482	ID.1.71701482.C.A	C	A	0.407895
rs16839017	chr1	157746802	chr1_157746802_T_C_b38	T	C	0.0168394	1	135880525	ID.1.135880525.T.C	T	C	0.171053
rs55801926	chr1	157747784	chr1_157747784_G_A_b38	G	A	0.0168394	1	135881507	ID.1.135881507.G.A	G	A	0.171053
rs74141214	chr1	205444351	chr1_205444351_C_T_b38	C	T	0.120466	NA	NA	NA	NA	NA	NA
rs74141215	chr1	205447648	chr1_205447648_C_T_b38	C	T	0.0906736	NA	NA	NA	NA	NA	NA
rs1717782	chr1	237632196	chr1_237632196_G_A_b38	G	A	0.542746	1	216750207	ID.1.216750207.A.G	A	G	0.210526
rs10925477	chr1	237632976	chr1_237632976_T_C_b38	T	C	0.0751295	1	216750981	ID.1.216750981.TGAT.CGAC	TGAT	CGAC	0.236842
rs11681155	chr2	10243637	chr2_10243637_C_T_b38	C	T	0.107513	NA	NA	NA	NA	NA	NA
rs11888584	chr2	10247185	chr2_10247185_C_T_b38	C	T	0.101036	2A	10382216	ID.2A.10382216.T.C	T	C	0.421053
rs2160947	chr2	64401177	chr2_64401177_C_T_b38	C	T	0.357513	2A	65764599	ID.2A.65764599.C.T	C	T	0.789474
rs11126199	chr2	68803996	chr2_68803996_G_A_b38	G	A	0.361399	NA	NA	NA	NA	NA	NA
rs77459392	chr2	77722620	chr2_77722620_C_T_b38	C	T	0.0608808	2A	79331897	ID.2A.79331897.C.T	C	T	0.355263
rs10179376	chr2	77723275	chr2_77723275_C_T_b38	C	T	0.0777202	2A	79332552	ID.2A.79332552.C.T	C	T	0.434211
rs12477109	chr2	83180843	chr2_83180843_A_G_b38	A	G	0.413212	2A	84863203	ID.2A.84863203.A.G	A	G	0.460526
rs2163254	chr2	83181328	chr2_83181328_C_T_b38	C	T	0.440415	NA	NA	NA	NA	NA	NA
rs58921591	chr2	100660981	chr2_100660981_T_A_b38	T	A	0.015544	NA	NA	NA	NA	NA	NA
rs1214090	chr2	123921022	chr2_123921022_C_T_b38	C	T	0.431347	NA	NA	NA	NA	NA	NA
rs1119384	chr2	123923299	chr2_123923299_T_C_b38	T	C	0.449482	2B	10345769	ID.2B.10345769.T.C	T	C	0.197368
rs59901332	chr2	167796198	chr2_167796198_G_A_b38	G	A	0.0168394	NA	NA	NA	NA	NA	NA
rs10196543	chr2	167799425	chr2_167799425_G_A_b38	G	A	0.132124	2B	57931928	ID.2B.57931928.A.G	A	G	0.276316
rs13426764	chr2	198678656	chr2_198678656_C_T_b38	C	T	0.444301	2B	89257120	ID.2B.89257120.T.C	T	C	0.578947
rs11694806	chr2	198679367	chr2_198679367_C_T_b38	C	T	0.448187	2B	89257831	ID.2B.89257831.T.C	T	C	0.815789
rs73988544	chr2	213555854	chr2_213555854_C_T_b38	C	T	0.0492228	2B	104371218	ID.2B.104371218.C.T	C	T	0.526316
rs6745832	chr2	213559135	chr2_213559135_T_C_b38	T	C	0.0531088	2B	104374502	ID.2B.104374502.T.C	T	C	0.592105
rs7607367	chr2	221246471	chr2_221246471_C_T_b38	C	T	0.459845	NA	NA	NA	NA	NA	NA
rs11886107	chr2	221248486	chr2_221248486_A_G_b38	A	G	0.459845	2B	112164571	ID.2B.112164571.G.A	G	A	0.671053
rs74571727	chr2	236626419	chr2_236626419_C_T_b38	C	T	0.130829	2B	127745203	ID.2B.127745203.C.T	C	T	0.171053
rs7609173	chr2	236626512	chr2_236626512_G_C_b38	G	C	0.0712435	2B	127745296	ID.2B.127745296.C.G	C	G	0.263158
rs59043333	chr2	240183881	chr2_240183881_C_T_b38	C	T	0.247409	2B	131342229	ID.2B.131342229.C.T	C	T	0.289474
rs72994757	chr2	240184428	chr2_240184428_A_G_b38	A	G	0.178756	2B	131342774	ID.2B.131342774.G.A	G	A	0.368421
rs1436251	chr3	25335933	chr3_25335933_T_C_b38	T	C	0.158031	3	25903158	ID.3.25903158.C.T	C	T	0.328947
rs9848513	chr3	25336098	chr3_25336098_G_A_b38	G	A	0.165803	3	25903321	ID.3.25903321.A.G	A	G	0.276316
rs13078784	chr3	36162971	chr3_36162971_T_C_b38	T	C	0.291451	3	36875304	ID.3.36875304.C.T	C	T	0.486842
rs79152277	chr3	36163044	chr3_36163044_G_A_b38	G	A	0.0142487	3	36875377	ID.3.36875377.A.G	A	G	0.486842
rs76493021	chr3	65628719	chr3_65628719_A_G_b38	A	G	0.0336788	3	66868640	ID.3.66868640.G.A	G	A	0.210526
rs4374476	chr3	65628920	chr3_65628920_G_A_b38	G	A	0.0297927	3	66868841	ID.3.66868841.A.G	A	G	0.263158
rs9825773	chr3	116735538	chr3_116735538_A_G_b38	A	G	0.977979	3	119884138	ID.3.119884138.G.A	G	A	0.328947
rs9869178	chr3	143966204	chr3_143966204_T_C_b38	T	C	0.484456	3	147413907	ID.3.147413907.C.T	C	T	0.197368
rs2118072	chr3	143969193	chr3_143969193_T_C_b38	T	C	0.484456	3	147416902	ID.3.147416902.C.T	C	T	0.197368
rs9880740	chr3	177617517	chr3_177617517_G_A_b38	G	A	0.611399	3	181521375	ID.3.181521375.G.A	G	A	0.789474
rs35592194	chr3	177617746	chr3_177617746_A_G_b38	A	G	0.369171	3	181521604	ID.3.181521604.G.A	G	A	0.131579
rs78617585	chr3	180453663	chr3_180453663_G_A_b38	G	A	0.0129534	3	184368287	ID.3.184368287.G.A	G	A	0.486842
rs73043708	chr3	180454914	chr3_180454914_A_G_b38	A	G	0.0414508	3	184369538	ID.3.184369538.A.G	A	G	0.486842
rs73800212	chr4	17482438	chr4_17482438_G_A_b38	G	A	0.0453368	4	17811037	ID.4.17811037.A.G	A	G	0.184211
rs2597758	chr4	17483858	chr4_17483858_C_T_b38	C	T	0.63601	4	17812457	ID.4.17812457.TG.CA	TG	CA	0.184211
rs78157989	chr4	27292394	chr4_27292394_C_T_b38	C	T	0.0997409	NA	NA	NA	NA	NA	NA
rs79740699	chr4	27295977	chr4_27295977_C_T_b38	C	T	0.0142487	NA	NA	NA	NA	NA	NA
rs2687419	chr4	33321522	chr4_33321522_T_C_b38	T	C	0.843264	4	33717152	ID.4.33717152.T.C	T	C	0.5
rs76223251	chr4	55278496	chr4_55278496_T_C_b38	T	C	0.0958549	NA	NA	NA	NA	NA	NA
rs6554262	chr4	55281800	chr4_55281800_G_A_b38	G	A	0.0958549	NA	NA	NA	NA	NA	NA
rs1713972	chr4	57052130	chr4_57052130_T_C_b38	T	C	0.911917	NA	NA	NA	NA	NA	NA
rs1713971	chr4	57052261	chr4_57052261_T_C_b38	T	C	0.911917	NA	NA	NA	NA	NA	NA
rs1718879	chr4	57052326	chr4_57052326_A_G_b38	A	G	0.914508	NA	NA	NA	NA	NA	NA
rs13110858	chr4	57053882	chr4_57053882_G_C_b38	G	C	0.197917	NA	NA	NA	NA	NA	NA
rs1401188	chr4	57053921	chr4_57053921_C_T_b38	C	T	0.200777	NA	NA	NA	NA	NA	NA
rs2017370	chr4	69591749	chr4_69591749_T_G_b38	T	G	0.388601	NA	NA	NA	NA	NA	NA
rs1432327	chr4	69592159	chr4_69592159_G_A_b38	G	A	0.611399	NA	NA	NA	NA	NA	NA
rs17007061	chr4	83647917	chr4_83647917_C_T_b38	C	T	0.194301	NA	NA	NA	NA	NA	NA
rs36083417	chr4	143734253	chr4_143734253_T_A_b38	T	A	0.319948	4	147168172	ID.4.147168172.ACTG.TCTA	ACTG	TCTA	0.184211
rs35230778	chr4	143734336	chr4_143734336_G_A_b38	G	A	0.319948	4	147168254	ID.4.147168254.A.G	A	G	0.184211
rs67600034	chr4	143734670	chr4_143734670_C_A_b38	C	A	0.319948	4	147168588	ID.4.147168588.A.C	A	C	0.184211
rs66717029	chr4	143737318	chr4_143737318_A_G_b38	A	G	0.319948	4	147171215	ID.4.147171215.G.A	G	A	0.184211
rs35556180	chr4	143737595	chr4_143737595_G_A_b38	G	A	0.319948	4	147171492	ID.4.147171492.ACA.GCT	ACA	GCT	0.184211
rs5016158	chr4	143738472	chr4_143738472_A_G_b38	A	G	0.319948	4	147172371	ID.4.147172371.GGAAT.AGAAC	GGAAT	AGAAC	0.157895
rs4257605	chr4	143740081	chr4_143740081_C_T_b38	C	T	0.319948	4	147174233	ID.4.147174233.T.C	T	C	0.184211
rs13143879	chr4	143740901	chr4_143740901_A_G_b38	A	G	0.319948	NA	NA	NA	NA	NA	NA
rs2584415	chr4	179580876	chr4_179580876_C_T_b38	C	T	0.897668	4	183883269	ID.4.183883269.C.T	C	T	0.236842
rs697720	chr5	5110258	chr5_5110258_C_T_b38	C	T	0.569948	5	5255181	ID.5.5255181.T.C	T	C	0.605263
rs814789	chr5	5110617	chr5_5110617_G_A_b38	G	A	0.274611	5	5255540	ID.5.5255540.A.G	A	G	0.565789
rs35320705	chr5	8023215	chr5_8023215_T_C_b38	T	C	0.537565	5	8222360	ID.5.8222360.TACG.CACA	TACG	CACA	0.197368
rs4495139	chr5	8023701	chr5_8023701_T_C_b38	T	C	0.546632	NA	NA	NA	NA	NA	NA
rs4391133	chr5	8023863	chr5_8023863_C_A_b38	C	A	0.546632	5	8223006	ID.5.8223006.C.A	C	A	0.197368
rs12654351	chr5	57692679	chr5_57692679_C_T_b38	C	T	0.0388601	NA	NA	NA	NA	NA	NA
rs61282965	chr5	57695752	chr5_57695752_C_T_b38	C	T	0.0284974	NA	NA	NA	NA	NA	NA
rs6453168	chr5	75830493	chr5_75830493_C_T_b38	C	T	0.0103627	NA	NA	NA	NA	NA	NA
rs257894	chr5	128976813	chr5_128976813_G_A_b38	G	A	0.345855	NA	NA	NA	NA	NA	NA
rs257899	chr5	128978923	chr5_128978923_G_A_b38	G	A	0.680052	5	128875253	ID.5.128875253.A.G	A	G	0.302632
rs10053606	chr5	129299989	chr5_129299989_C_T_b38	C	T	0.0945596	5	129195203	ID.5.129195203.T.C	T	C	0.342105
rs12518731	chr5	145983299	chr5_145983299_C_T_b38	C	T	0.0971503	5	146132378	ID.5.146132378.T.C	T	C	0.552632
rs7448829	chr5	145984296	chr5_145984296_A_G_b38	A	G	0.0971503	5	146133375	ID.5.146133375.G.A	G	A	0.407895
rs6907529	chr6	1490015	chr6_1490015_C_T_b38	C	T	0.193005	6	1352322	ID.6.1352322.T.C	T	C	0.381579
rs6907725	chr6	1490118	chr6_1490118_C_T_b38	C	T	0.193005	6	1352425	ID.6.1352425.T.C	T	C	0.618421
rs885183	chr6	4400131	chr6_4400131_A_G_b38	A	G	0.357513	6	4395565	ID.6.4395565.A.G	A	G	0.355263
rs7760357	chr6	4401660	chr6_4401660_G_A_b38	G	A	0.0544041	6	4397094	ID.6.4397094.G.A	G	A	0.118421
rs4587166	chr6	40766002	chr6_40766002_C_T_b38	C	T	0.562176	NA	NA	NA	NA	NA	NA
rs73751802	chr6	86915451	chr6_86915451_T_G_b38	T	G	0.130829	6	90015029	ID.6.90015029.G.T	G	T	0.302632
rs2981973	chr6	167302555	chr6_167302555_C_T_b38	C	T	0.351036	6	171874319	ID.6.171874319.C.T	C	T	0.236842
rs61400956	chr6	167303828	chr6_167303828_G_A_b38	G	A	0.0401554	NA	NA	NA	NA	NA	NA
rs13198547	chr6	167304908	chr6_167304908_G_A_b38	G	A	0.257772	6	171876668	ID.6.171876668.A.G	A	G	0.407895
rs35401101	chr7	45213645	chr7_45213645_A_G_b38	A	G	0.260363	7	44682083	ID.7.44682083.AT.GC	AT	GC	0.118421
rs78982892	chr7	45217428	chr7_45217428_G_A_b38	G	A	0.0673575	NA	NA	NA	NA	NA	NA
rs34925936	chr7	47760880	chr7_47760880_T_C_b38	T	C	0.514249	7	47181672	ID.7.47181672.C.T	C	T	0.855263
rs10807948	chr7	47762486	chr7_47762486_A_G_b38	A	G	0.514249	7	47183275	ID.7.47183275.G.A	G	A	0.828947
rs6463439	chr7	47763317	chr7_47763317_C_T_b38	C	T	0.514249	7	47184105	ID.7.47184105.T.C	T	C	0.828947
rs59983200	chr7	49631864	chr7_49631864_G_A_b38	G	A	0.125648	7	49067718	ID.7.49067718.A.G	A	G	0.289474
rs6954826	chr7	49632761	chr7_49632761_C_T_b38	C	T	0.225389	NA	NA	NA	NA	NA	NA
rs6961106	chr7	82413966	chr7_82413966_G_A_b38	G	A	0.159326	7	85207934	ID.7.85207934.G.A	G	A	0.276316
rs10234869	chr7	117756139	chr7_117756139_G_A_b38	G	A	0.212435	7	122240509	ID.7.122240509.A.G	A	G	0.407895
rs4960719	chr7	155258248	chr7_155258248_G_A_b38	G	A	0.0829016	7	159373589	ID.7.159373589.A.G	A	G	0.171053
rs60158858	chr7	155260101	chr7_155260101_A_G_b38	A	G	0.0764249	7	159375171	ID.7.159375171.G.A	G	A	0.105263
rs7006706	chr8	31540232	chr8_31540232_G_A_b38	G	A	0.603627	NA	NA	NA	NA	NA	NA
rs9792249	chr8	31543823	chr8_31543823_G_A_b38	G	A	0.545337	8	31118777	ID.8.31118777.G.A	G	A	0.342105
rs112056832	chr8	32888396	chr8_32888396_C_T_b38	C	T	0.0168394	8	32482014	ID.8.32482014.T.C	T	C	0.144737
rs4557662	chr8	32891261	chr8_32891261_T_C_b38	T	C	0.59456	8	32484859	ID.8.32484859.T.C	T	C	0.157895
rs16937736	chr8	71622789	chr8_71622789_C_T_b38	C	T	0.0103627	8	72842612	ID.8.72842612.T.C	T	C	0.828947
rs16937745	chr8	71624258	chr8_71624258_T_C_b38	T	C	0.0220207	8	72844087	ID.8.72844087.C.T	C	T	0.578947
rs1839333	chr8	75610715	chr8_75610715_G_A_b38	G	A	0.665803	8	76892079	ID.8.76892079.G.A	G	A	0.486842
rs1913638	chr8	75611687	chr8_75611687_A_G_b38	A	G	0.647668	8	76893056	ID.8.76893056.A.G	A	G	0.486842
rs6469547	chr8	114783609	chr8_114783609_A_G_b38	A	G	0.215026	8	116975312	ID.8.116975312.G.A	G	A	0.25
rs78745861	chr8	114785169	chr8_114785169_C_T_b38	C	T	0.0233161	8	116976860	ID.8.116976860.C.T	C	T	0.25
rs80024835	chr8	119134225	chr8_119134225_G_A_b38	G	A	0.0246114	8	121371815	ID.8.121371815.A.G	A	G	0.447368
rs61594459	chr8	119134904	chr8_119134904_C_T_b38	C	T	0.0246114	8	121372493	ID.8.121372493.T.C	T	C	0.447368
rs74850759	chr8	133392583	chr8_133392583_C_T_b38	C	T	0.0686528	8	135860825	ID.8.135860825.T.C	T	C	0.578947
rs75751974	chr8	133392769	chr8_133392769_C_T_b38	C	T	0.0686528	8	135861011	ID.8.135861011.T.C	T	C	0.526316
rs78580855	chr9	75720666	chr9_75720666_G_A_b38	G	A	0.141192	9	52963237	ID.9.52963237.G.A	G	A	0.210526
rs1333635	chr9	90804124	chr9_90804124_A_G_b38	A	G	0.439119	NA	NA	NA	NA	NA	NA
rs1460834	chr9	90807778	chr9_90807778_C_G_b38	C	G	0.231865	NA	NA	NA	NA	NA	NA
rs10978973	chr9	96784304	chr9_96784304_T_C_b38	T	C	0.0544041	9	74503476	ID.9.74503476.T.C	T	C	0.315789
rs10117921	chr9	96788152	chr9_96788152_A_G_b38	A	G	0.0544041	9	74507314	ID.9.74507314.A.G	A	G	0.131579
rs946496	chr9	101092605	chr9_101092605_C_T_b38	C	T	0.568653	9	78847282	ID.9.78847282.C.T	C	T	0.197368
rs7851995	chr9	101096487	chr9_101096487_A_G_b38	A	G	0.667098	9	78851164	ID.9.78851164.A.G	A	G	0.197368
rs77450002	chr9	120141753	chr9_120141753_G_A_b38	G	A	0.0194301	9	98189241	ID.9.98189241.G.A	G	A	0.131579
rs1154870	chr9	120143424	chr9_120143424_G_A_b38	G	A	0.968912	9	98190912	ID.9.98190912.A.G	A	G	0.539474
rs2002164	chr9	121925809	chr9_121925809_T_C_b38	T	C	0.0608808	9	99980814	ID.9.99980814.C.T	C	T	0.105263
rs1806674	chr9	121926607	chr9_121926607_C_T_b38	C	T	0.0608808	9	99981612	ID.9.99981612.T.C	T	C	0.315789
rs7101132	chr10	11640397	chr10_11640397_C_T_b38	C	T	0.129534	10	11927102	ID.10.11927102.T.C	T	C	0.684211
rs17154663	chr10	43939025	chr10_43939025_C_T_b38	C	T	0.106218	10	45778291	ID.10.45778291.C.T	C	T	0.381579
rs7091495	chr10	44726869	chr10_44726869_T_C_b38	T	C	0.075718	10	46598608	ID.10.46598608.T.C	T	C	0.460526
rs10793555	chr10	44727622	chr10_44727622_T_C_b38	T	C	0.243523	10	46599360	ID.10.46599360.T.C	T	C	0.644737
rs2482578	chr10	108610632	chr10_108610632_C_A_b38	C	A	0.34456	10	110149353	ID.10.110149353.C.A	C	A	0.381579
rs35112339	chr10	108610635	chr10_108610635_A_C_b38	A	C	0.0984456	10	110149356	ID.10.110149356.A.C	A	C	0.171053
rs363227	chr10	117267055	chr10_117267055_T_C_b38	T	C	0.852332	NA	NA	NA	NA	NA	NA
rs12365992	chr11	6537632	chr11_6537632_C_T_b38	C	T	0.297927	NA	NA	NA	NA	NA	NA
rs10839577	chr11	6540040	chr11_6540040_A_G_b38	A	G	0.304404	11	6344476	ID.11.6344476.G.A	G	A	0.842105
rs1992498	chr11	20550093	chr11_20550093_A_G_b38	A	G	0.0958549	11	20424870	ID.11.20424870.G.A	G	A	0.118421
rs11025618	chr11	20551527	chr11_20551527_C_T_b38	C	T	0.648964	11	20426304	ID.11.20426304.C.T	C	T	0.105263
rs11037782	chr11	43993525	chr11_43993525_G_A_b38	G	A	0.319948	11	44186506	ID.11.44186506.G.A	G	A	0.342105
rs57007890	chr11	43994019	chr11_43994019_G_A_b38	G	A	0.318653	11	44187000	ID.11.44187000.G.A	G	A	0.263158
rs59439599	chr11	71293941	chr11_71293941_C_T_b38	C	T	0.0194301	11	71112747	ID.11.71112747.C.T	C	T	0.276316
rs60599873	chr11	71295900	chr11_71295900_C_T_b38	C	T	0.0181347	11	71114708	ID.11.71114708.C.T	C	T	0.184211
rs2085736	chr11	81778799	chr11_81778799_T_C_b38	T	C	0.0505181	11	81896228	ID.11.81896228.C.T	C	T	0.289474
rs7118489	chr11	81781251	chr11_81781251_C_T_b38	C	T	0.317358	11	81898660	ID.11.81898660.C.T	C	T	0.302632
rs2249268	chr11	98156508	chr11_98156508_G_A_b38	G	A	0.569948	11	98262460	ID.11.98262460.A.G	A	G	0.197368
rs78930157	chr11	131675062	chr11_131675062_G_A_b38	G	A	0.0103627	NA	NA	NA	NA	NA	NA
rs2658831	chr11	131678301	chr11_131678301_T_C_b38	T	C	0.741514	11	132253980	ID.11.132253980.C.T	C	T	0.276316
rs113801096	chr11	134424455	chr11_134424455_T_C_b38	T	C	0.0129534	11	135136443	ID.11.135136443.T.C	T	C	0.671053
rs113239695	chr11	134424860	chr11_134424860_C_T_b38	C	T	0.0233161	11	135136848	ID.11.135136848.C.T	C	T	0.342105
rs1504314	chr12	66901892	chr12_66901892_C_T_b38	C	T	0.319948	NA	NA	NA	NA	NA	NA
rs1480001	chr12	75586939	chr12_75586939_T_C_b38	T	C	0.762953	12	77859237	ID.12.77859237.T.C	T	C	0.302632
rs77368915	chr12	86653492	chr12_86653492_G_A_b38	G	A	0.104922	12	89256924	ID.12.89256924.G.A	G	A	0.342105
rs59624358	chr12	86654720	chr12_86654720_C_T_b38	C	T	0.101036	12	89258152	ID.12.89258152.CC.CCTT,TCT	CC	CCTT	0.394737
rs61939378	chr12	128264329	chr12_128264329_C_T_b38	C	T	0.125648	12	131847740	ID.12.131847740.C.T	C	T	0.736842
rs4883635	chr12	132603230	chr12_132603230_C_T_b38	C	T	0.0647668	NA	NA	NA	NA	NA	NA
rs11146967	chr12	132605822	chr12_132605822_A_G_b38	A	G	0.490933	12	136431003	ID.12.136431003.G.A	G	A	0.131579
rs9508539	chr13	29708778	chr13_29708778_G_A_b38	G	A	0.287565	13	14461345	ID.13.14461345.A.G	A	G	0.526316
rs7324224	chr13	29709773	chr13_29709773_C_T_b38	C	T	0.17487	13	14462339	ID.13.14462339.T.C	T	C	0.394737
rs2285330	chr13	32147478	chr13_32147478_C_G_b38	C	G	0.330311	13	16889165	ID.13.16889165.C.G	C	G	0.118421
rs6311	chr13	46897343	chr13_46897343_C_T_b38	C	T	0.410622	NA	NA	NA	NA	NA	NA
rs36213156	chr13	46897663	chr13_46897663_C_T_b38	C	T	0.0919689	NA	NA	NA	NA	NA	NA
rs9522338	chr13	111661333	chr13_111661333_C_T_b38	C	T	0.896373	13	97596773	ID.13.97596773.T.C	T	C	0.342105
rs9515467	chr13	111661345	chr13_111661345_G_T_b38	G	T	0.896373	13	97596785	ID.13.97596785.T.G	T	G	0.355263
rs80268079	chr14	21853242	chr14_21853242_A_G_b38	A	G	0.0958549	14	5580609	ID.14.5580609.G.A	G	A	0.355263
rs12888908	chr14	21854796	chr14_21854796_T_C_b38	T	C	0.40285	14	5582164	ID.14.5582164.C.T	C	T	0.302632
rs1887944	chr14	83778644	chr14_83778644_G_A_b38	G	A	0.123057	NA	NA	NA	NA	NA	NA
rs7147645	chr14	83780553	chr14_83780553_G_A_b38	G	A	0.108808	NA	NA	NA	NA	NA	NA
rs11844162	chr14	85682225	chr14_85682225_G_A_b38	G	A	0.374352	14	70423936	ID.14.70423936.A.G	A	G	0.526316
rs34344322	chr14	88337690	chr14_88337690_T_C_b38	T	C	0.310881	14	73137710	ID.14.73137710.T.C	T	C	0.605263
rs11626207	chr14	88339065	chr14_88339065_A_C_b38	A	C	0.310881	14	73139078	ID.14.73139078.A.C	A	C	0.131579
rs8032832	chr15	92614865	chr15_92614865_A_G_b38	A	G	0.387306	NA	NA	NA	NA	NA	NA
rs6496963	chr15	92615162	chr15_92615162_A_G_b38	A	G	0.361399	15	73455925	ID.15.73455925.A.G	A	G	0.184211
rs7185367	chr16	889565	chr16_889565_A_G_b38	A	G	0.304404	16	1004696	ID.16.1004696.A.G	A	G	0.473684
rs9930278	chr16	891234	chr16_891234_G_A_b38	G	A	0.277202	16	1006365	ID.16.1006365.G.A	G	A	0.447368
rs17145810	chr16	8404447	chr16_8404447_C_T_b38	C	T	0.0142487	16	8798289	ID.16.8798289.T.C	T	C	0.697368
rs896401	chr16	8404653	chr16_8404653_T_C_b38	T	C	0.309585	16	8798495	ID.16.8798495.C.T	C	T	0.684211
rs57790054	chr16	19995664	chr16_19995664_A_G_b38	A	G	0.244819	16	19581413	ID.16.19581413.G.A	G	A	0.407895
rs12597420	chr16	81137725	chr16_81137725_T_C_b38	T	C	0.944301	16	72275267	ID.16.72275267.C.T	C	T	0.381579
rs12918619	chr16	81139531	chr16_81139531_T_C_b38	T	C	0.962435	16	72277068	ID.16.72277068.C.T	C	T	0.342105
rs2083261	chr17	14731594	chr17_14731594_C_T_b38	C	T	0.264249	NA	NA	NA	NA	NA	NA
rs1561432	chr17	14733731	chr17_14733731_G_C_b38	G	C	0.718912	NA	NA	NA	NA	NA	NA
rs8078538	chr17	43726616	chr17_43726616_C_T_b38	C	T	0.0194301	NA	NA	NA	NA	NA	NA
rs7216471	chr17	43727891	chr17_43727891_G_A_b38	G	A	0.489637	NA	NA	NA	NA	NA	NA
rs1893789	chr18	59447529	chr18_59447529_G_C_b38	G	C	0.316062	NA	NA	NA	NA	NA	NA
rs111966697	chr18	60770645	chr18_60770645_C_T_b38	C	T	0.0284974	18	58224065	ID.18.58224065.T.C	T	C	0.486842
rs112239568	chr18	60771677	chr18_60771677_C_T_b38	C	T	0.0297927	NA	NA	NA	NA	NA	NA
rs10418794	chr19	8607759	chr19_8607759_T_C_b38	T	C	0.891192	19	9018705	ID.19.9018705.T.C	T	C	0.552632
rs79928909	chr19	8608976	chr19_8608976_C_T_b38	C	T	0.0323834	19	9019925	ID.19.9019925.C.T	C	T	0.473684
rs73517823	chr19	14409267	chr19_14409267_G_A_b38	G	A	0.0440415	19	15331792	ID.19.15331792.G.A	G	A	0.118421
rs28374604	chr19	14410759	chr19_14410759_T_C_b38	T	C	0.163212	19	15333284	ID.19.15333284.C.T	C	T	0.328947
rs8104114	chr19	48148045	chr19_48148045_G_A_b38	G	A	0.231865	19	50244764	ID.19.50244764.G.A	G	A	0.473684
rs1028554	chr20	5356956	chr20_5356956_T_C_b38	T	C	0.444301	20	5219550	ID.20.5219550.C.T	C	T	0.407895
rs4815797	chr20	5357990	chr20_5357990_T_C_b38	T	C	0.225389	20	5220584	ID.20.5220584.T.C	T	C	0.421053
rs6085129	chr20	5359718	chr20_5359718_A_G_b38	A	G	0.443005	20	5222328	ID.20.5222328.G.A	G	A	0.355263
rs79400666	chr20	16685157	chr20_16685157_C_T_b38	C	T	0.0194301	20	16645668	ID.20.16645668.C.T	C	T	0.276316
rs76787503	chr20	16688600	chr20_16688600_G_A_b38	G	A	0.0246114	20	16649111	ID.20.16649111.G.A	G	A	0.355263
rs6097587	chr20	53805477	chr20_53805477_T_C_b38	T	C	0.602332	20	55679415	ID.20.55679415.C.T	C	T	0.197368
rs6062838	chr20	62687653	chr20_62687653_C_T_b38	C	T	0.0919689	NA	NA	NA	NA	NA	NA
rs11910781	chr21	20673669	chr21_20673669_T_C_b38	T	C	0.233161	21	7176456	ID.21.7176456.T.C	T	C	0.355263
rs60242158	chr21	20675438	chr21_20675438_G_A_b38	G	A	0.15285	NA	NA	NA	NA	NA	NA
rs55771314	chr21	40665712	chr21_40665712_C_T_b38	C	T	0.0194301	NA	NA	NA	NA	NA	NA
rs2837774	chr21	40668729	chr21_40668729_T_C_b38	T	C	0.44171	21	27166741	ID.21.27166741.C.T	C	T	0.131579
rs739178	chr22	44795174	chr22_44795174_C_G_b38	C	G	0.176166	NA	NA	NA	NA	NA	NA
rs9626245	chr22	44796741	chr22_44796741_A_G_b38	A	G	0.306995	22	31572805	ID.22.31572805.A.G	A	G	0.315789
rs136618	chr22	47246350	chr22_47246350_C_T_b38	C	T	0.790155	22	34055245	ID.22.34055245.C.T	C	T	0.328947
rs4823625	chr22	47249535	chr22_47249535_G_A_b38	G	A	0.417098	22	34058436	ID.22.34058436.G.A	G	A	0.368421
rs531066	NA	NA	NA	NA	NA	NA	1	33306092	ID.1.33306092.T.C	T	C	0.578947
rs74124362	NA	NA	NA	NA	NA	NA	1	151010613	ID.1.151010613.G.A	G	A	0.157895
rs79870021	NA	NA	NA	NA	NA	NA	1	157823276	ID.1.157823276.G.A	G	A	0.710526
rs6670562	NA	NA	NA	NA	NA	NA	1	157827056	ID.1.157827056.A.G	A	G	0.710526
rs186616630	NA	NA	NA	NA	NA	NA	2B	15181720	ID.2B.15181720.G.A	G	A	0.302632
rs116749082	NA	NA	NA	NA	NA	NA	2B	15185515	ID.2B.15185515.A.G	A	G	0.486842
rs10166264	NA	NA	NA	NA	NA	NA	2B	131341009	ID.2B.131341009.G.A	G	A	0.289474
rs116226485	NA	NA	NA	NA	NA	NA	3	119883823	ID.3.119883823.C.T	C	T	0.565789
rs6811303	NA	NA	NA	NA	NA	NA	4	17814733	ID.4.17814733.TG.CA	TG	CA	0.184211
rs78433814	NA	NA	NA	NA	NA	NA	4	33718094	ID.4.33718094.T.G	T	G	0.513158
rs116811275	NA	NA	NA	NA	NA	NA	4	183880967	ID.4.183880967.T.C	T	C	0.144737
rs16872492	NA	NA	NA	NA	NA	NA	5	4013895	ID.5.4013895.C.T	C	T	0.171053
rs114975228	NA	NA	NA	NA	NA	NA	5	4014988	ID.5.4014988.C.T	C	T	0.171053
rs114944655	NA	NA	NA	NA	NA	NA	5	129199797	ID.5.129199797.T.G	T	G	0.342105
rs114654385	NA	NA	NA	NA	NA	NA	6	41234273	ID.6.41234273.C.T	C	T	0.276316
rs111481058	NA	NA	NA	NA	NA	NA	6	90013361	ID.6.90013361.G.A	G	A	0.513158
rs10277941	NA	NA	NA	NA	NA	NA	7	85208799	ID.7.85208799.T.C	T	C	0.289474
rs112913525	NA	NA	NA	NA	NA	NA	7	112692991	ID.7.112692991.C.T	C	T	0.315789
rs113096256	NA	NA	NA	NA	NA	NA	7	112696199	ID.7.112696199.C.T	C	T	0.289474
rs76607522	NA	NA	NA	NA	NA	NA	7	122243643	ID.7.122243643.T.C	T	C	0.407895
rs76289037	NA	NA	NA	NA	NA	NA	8	83647667	ID.8.83647667.A.G	A	G	0.631579
rs77043672	NA	NA	NA	NA	NA	NA	8	83648394	ID.8.83648394.A.G	A	G	0.605263
rs78195958	NA	NA	NA	NA	NA	NA	9	52965027	ID.9.52965027.T.C	T	C	0.736842
rs115066892	NA	NA	NA	NA	NA	NA	10	11927233	ID.10.11927233.A.G	A	G	0.684211
rs60146158	NA	NA	NA	NA	NA	NA	10	45777600	ID.10.45777600.C.T	C	T	0.381579
rs79314843	NA	NA	NA	NA	NA	NA	10	124513512	ID.10.124513512.A.G	A	G	0.710526
rs60427879	NA	NA	NA	NA	NA	NA	11	98264144	ID.11.98264144.T.C	T	C	0.802632
rs115434075	NA	NA	NA	NA	NA	NA	12	131847428	ID.12.131847428.G.A	G	A	0.447368
rs73462625	NA	NA	NA	NA	NA	NA	13	16889244	ID.13.16889244.C.T	C	T	0.118421
rs112497148	NA	NA	NA	NA	NA	NA	14	61228165	ID.14.61228165.A.G	A	G	0.407895
rs35127432	NA	NA	NA	NA	NA	NA	14	61230904	ID.14.61230904.C.T	C	T	0.434211
rs181594833	NA	NA	NA	NA	NA	NA	14	70422907	ID.14.70422907.T.C	T	C	0.513158
rs111445047	NA	NA	NA	NA	NA	NA	15	81558683	ID.15.81558683.A.G	A	G	0.381579
rs77856737	NA	NA	NA	NA	NA	NA	18	54394860	ID.18.54394860.A.G	A	G	0.105263
rs116783429	NA	NA	NA	NA	NA	NA	18	54396480	ID.18.54396480.G.A	G	A	0.144737
rs183926463	NA	NA	NA	NA	NA	NA	18	56885606	ID.18.56885606.C.T	C	T	0.236842
rs166683	NA	NA	NA	NA	NA	NA	19	50245707	ID.19.50245707.T.C	T	C	0.552632
rs76658991	NA	NA	NA	NA	NA	NA	20	55679822	ID.20.55679822.C.T	C	T	0.197368
rs116543719	NA	NA	NA	NA	NA	NA	20	64798320	ID.20.64798320.C.T	C	T	0.539474
